path	kind	size_bytes	sha256	tracking_policy
.gitignore	repository_metadata	1645	077096c83016a523b226c0ddb8f7af06037bfec23b81a86c420a2b9fa825642a	INCLUDE_RELEASE_SCOPE
21-SCI生信研究Methods撰写器/过程记录/build_methods_draft.py	source_script	96738	9e0e6664152f8a2cbd432ae26352282a1a5e3997b83cea4772a3819d3da4d229	INCLUDE_RELEASE_SCOPE
22-SCI生信研究Introduction撰写器/code_repository_archival_closure_v1/01_git_audit/CLOSURE_COMMAND_LOG.md	repository_metadata	1575	d4add165d5214921491e9f285850569a87fd5e72e78575cb6178ed36da4f7ef6	INCLUDE_RELEASE_SCOPE
22-SCI生信研究Introduction撰写器/code_repository_archival_closure_v1/01_git_audit/build_stage22_closure.py	source_script	59716	22acb734a6b819d3f761a343c4b7a64a14e8a1e57b70bec5f21f1015dc4ca3fc	INCLUDE_RELEASE_SCOPE
22-SCI生信研究Introduction撰写器/code_repository_archival_closure_v1/01_git_audit/protected_science_snapshot.json	repository_metadata	581574	05986cdf833dbd67a16ce1891474698efe3b2b17cb3234d82cdf64581e1f2893	INCLUDE_RELEASE_SCOPE
22-SCI生信研究Introduction撰写器/code_repository_archival_closure_v1/01_git_audit/repository_provenance_audit.json	repository_metadata	5239	d1be2b4736dcd977c59b20f3730c919fc39ab622a04b2003a62ac3cb1ffcf9df	INCLUDE_RELEASE_SCOPE
22-SCI生信研究Introduction撰写器/code_repository_archival_closure_v1/01_git_audit/repository_provenance_audit.md	repository_metadata	1749	d60447c0bb7c20d467928eef0dc5871bb6bd5794776646e2a6f0761a4280b068	INCLUDE_RELEASE_SCOPE
22-SCI生信研究Introduction撰写器/code_repository_archival_closure_v1/02_repository_cleanup/repository_scope_decision.md	repository_metadata	1218	c7e4e91a563eccdd5b08b9ab1ca4d59e1b8c70d4470941fc2a3b9df73918ad15	INCLUDE_RELEASE_SCOPE
22-SCI生信研究Introduction撰写器/code_repository_archival_closure_v1/03_reproducibility_metadata/CITATION.cff	repository_metadata	993	ca6ec323c1e7c0827f915894fa932c41f73cf9e2a3a106fd052b07a9325d75e3	INCLUDE_RELEASE_SCOPE
22-SCI生信研究Introduction撰写器/code_repository_archival_closure_v1/03_reproducibility_metadata/CODE_AVAILABILITY.md	repository_metadata	309	56f1451bda00d23a44f9abe56c0da9b998e6588f6b87772a8bf900dbd119a5f7	INCLUDE_RELEASE_SCOPE
22-SCI生信研究Introduction撰写器/code_repository_archival_closure_v1/03_reproducibility_metadata/README.md	repository_metadata	677	8e145ec37f5e04607c54589ca134570068bab89a5894ec13762a32ca5bd7072c	INCLUDE_RELEASE_SCOPE
22-SCI生信研究Introduction撰写器/code_repository_archival_closure_v1/03_reproducibility_metadata/REPRODUCIBILITY_NOTES.md	repository_metadata	429	e2fd38da03092c7c8dc1b4860dadb350695560bd59164cc54e29e62a5b1b5755	INCLUDE_RELEASE_SCOPE
22-SCI生信研究Introduction撰写器/code_repository_archival_closure_v1/04_release/RELEASE_RECORD.json	repository_metadata	1079	ab3d2dc7fa33a071bd54243e9fc0d36c04b94531e4533e7f555f60431b4b23be	INCLUDE_RELEASE_SCOPE
22-SCI生信研究Introduction撰写器/code_repository_archival_closure_v1/04_release/RELEASE_RECORD.md	repository_metadata	631	ca151bcc365f7d70c109c1a20b64450d61a3a39e8111c79cb6183747bc5c4132	INCLUDE_RELEASE_SCOPE
22-SCI生信研究Introduction撰写器/code_repository_archival_closure_v1/05_remote/GITHUB_PUBLICATION_RECORD.json	repository_metadata	1977	258249fac1c427132beec216fff76506edf0c69dc1d138bb2288129d378567b1	INCLUDE_RELEASE_SCOPE
22-SCI生信研究Introduction撰写器/code_repository_archival_closure_v1/05_remote/MANUAL_GITHUB_RELEASE_REQUIRED.md	repository_metadata	838	bb0c98ee2e74062d819f7c20dae4079182fa2b810e308a2856e2567191c3f12d	INCLUDE_RELEASE_SCOPE
22-SCI生信研究Introduction撰写器/code_repository_archival_closure_v1/05_remote/REMOTE_REPOSITORY_AUDIT.json	repository_metadata	1044	bf99034031d2f9d2f66c95440e6269984022bc8c62b6a2266e09a729d8799723	INCLUDE_RELEASE_SCOPE
22-SCI生信研究Introduction撰写器/code_repository_archival_closure_v1/05_remote/REMOTE_REPOSITORY_AUDIT.md	repository_metadata	803	5560a04f6397899297d9a40b9c8c5462e3ab6a38562dc91744348d5db71736df	INCLUDE_RELEASE_SCOPE
22-SCI生信研究Introduction撰写器/code_repository_archival_closure_v1/05_remote/REMOTE_REPOSITORY_SETUP_INSTRUCTIONS.md	repository_metadata	492	04e99e67d8da86db68714fd3e48e2ad921a92262b9b8b3f14545afb0ab5abbf6	INCLUDE_RELEASE_SCOPE
22-SCI生信研究Introduction撰写器/code_repository_archival_closure_v1/06_archive/MANUAL_ZENODO_ARCHIVAL_REQUIRED.md	repository_metadata	1474	547c2627c60fbd6194ac5ae0f65da559e49c8705947970fcc2781ecd71f1d681	INCLUDE_RELEASE_SCOPE
22-SCI生信研究Introduction撰写器/code_repository_archival_closure_v1/06_archive/PERMANENT_IDENTIFIER_RECORD.json	repository_metadata	1149	e625e2eeab0c8bfbbfaac6cc5ae5dff2239362300d04201e7355dfb5ddbfaf0d	INCLUDE_RELEASE_SCOPE
22-SCI生信研究Introduction撰写器/code_repository_archival_closure_v1/06_archive/ZENODO_ARCHIVAL_NEXT_ACTION.md	repository_metadata	1165	46564efd9ad07eb114323b6575a9feaf85ad07dab7b3d02b20b9875711ee0d6c	INCLUDE_RELEASE_SCOPE
22-SCI生信研究Introduction撰写器/code_repository_archival_closure_v1/06_archive/ZENODO_ARCHIVAL_PREPARATION.md	repository_metadata	1032	5cf2a7f11c691c1259cac7cd28d01d9e2a90478c72366cc5dd7122b74a2ad662	INCLUDE_RELEASE_SCOPE
22-SCI生信研究Introduction撰写器/code_repository_archival_closure_v1/07_manuscript_wording/CODE_AVAILABILITY_FINAL_TEXT.md	repository_metadata	494	d3de9ae79a820494fc4c5b151f95854a83d3c1029b46a1c4f962c55a7bd7f20a	INCLUDE_RELEASE_SCOPE
22-SCI生信研究Introduction撰写器/code_repository_archival_closure_v1/08_qa/CODE_REPOSITORY_FINAL_QA.json	repository_metadata	3058	f6719aca4798362c43031fd85d1d4b6cf8b1870218a8a33e8071be56b688211a	INCLUDE_RELEASE_SCOPE
22-SCI生信研究Introduction撰写器/code_repository_archival_closure_v1/08_qa/CODE_REPOSITORY_FINAL_QA.md	repository_metadata	2228	8fb37d1f2b9bd33ce0f9bc3344a7c7d22001cab61c3706c323b0ab5f8c3419e2	INCLUDE_RELEASE_SCOPE
22-SCI生信研究Introduction撰写器/code_repository_archival_closure_v1/09_stage22_update/STAGE22_REPOSITORY_CLOSURE_RECORD.json	repository_metadata	2211	8eb846160e63f85007dca1879e9fa6614561a0857f6eda2a2bf85f4df855a196	INCLUDE_RELEASE_SCOPE
22-SCI生信研究Introduction撰写器/code_repository_archival_closure_v1/09_stage22_update/STAGE22_REPOSITORY_STATUS.md	repository_metadata	1375	4c7a48559db9f5c615181304acec51af8c813ea608eec12a70162873343eb7b8	INCLUDE_RELEASE_SCOPE
22-SCI生信研究Introduction撰写器/code_repository_archival_closure_v1/CODE_REPOSITORY_ARCHIVAL_GATE.json	repository_metadata	1687	a4682e94eb2e1da8177f2334640cf82979ea57d494a4c6da1770d29841f61ff2	INCLUDE_RELEASE_SCOPE
22-SCI生信研究Introduction撰写器/code_repository_archival_closure_v1/CODE_REPOSITORY_ARCHIVAL_REPORT.md	repository_metadata	1725	0721fa0907da0df169b0fada90c34baa16eeb35dc8e9566eb3e52ff447d375a5	INCLUDE_RELEASE_SCOPE
22-SCI生信研究Introduction撰写器/code_repository_archival_closure_v1/PERMANENT_IDENTIFIER_RECORD.json	repository_metadata	1149	e625e2eeab0c8bfbbfaac6cc5ae5dff2239362300d04201e7355dfb5ddbfaf0d	INCLUDE_RELEASE_SCOPE
22-SCI生信研究Introduction撰写器/过程记录/build_introduction_draft.py	source_script	40504	b7b1767c9dbd1f32be1300014629c930aed0ce235edda03f0755ea2484d90216	INCLUDE_RELEASE_SCOPE
CITATION.cff	repository_metadata	993	ca6ec323c1e7c0827f915894fa932c41f73cf9e2a3a106fd052b07a9325d75e3	INCLUDE_RELEASE_SCOPE
CODE_AVAILABILITY.md	repository_metadata	1002	a70a80b3dc6b8de6f49e93ded9a0fdef7026cefc9871b0d8a2a817b4fe20eda8	INCLUDE_RELEASE_SCOPE
README.md	repository_metadata	5481	55dc0cc3a99729f5f8bb8017c62d53979ee77d078819625252ff7d430ab5e4ac	INCLUDE_RELEASE_SCOPE
REPRODUCIBILITY_NOTES.md	repository_metadata	2179	ea49fb20a406460e0415803c6e774197fc56b421f39c5aeb05b33923e5c3fc4a	INCLUDE_RELEASE_SCOPE
scripts/analyze_trajectory_trends_module5_4.py	source_script	15066	6892798820ef55ff98ba6c643ccc08f84752f3777805ea4afc2454250c1943d8	INCLUDE_RELEASE_SCOPE
scripts/annotate_hepatocyte_lineage_module2.py	source_script	31223	35dd2adfb492cc9a0fd0c30285b66c5f4bf001bb25730148c4e87858eea9a43f	INCLUDE_RELEASE_SCOPE
scripts/annotate_major_celltypes_celltypist.py	source_script	18478	684d8353303e469476415a3b314071fe1339ef2f39bd55b58b59ddcea0547310	INCLUDE_RELEASE_SCOPE
scripts/audit_figure3e_egr1_determinism.py	source_script	4526	b772897fec6a950e17661b44ff0aa9f69c84f8b34331ac29824b3239ab82348e	INCLUDE_RELEASE_SCOPE
scripts/audit_figure5_six_panel_inputs.R	source_script	1843	652080b243c57b651c9807c2482414c23e860bf2a40c7668f5200a007df8bf9c	INCLUDE_RELEASE_SCOPE
scripts/audit_sctenifoldknk_reproducibility_v2.py	source_script	32995	50ea9f97356321b9b97ff77fedc4188aa86a17149f80c6c5d36f639fe4b6daab	INCLUDE_RELEASE_SCOPE
scripts/audit_three_axis_figure_consistency.py	source_script	11100	8a9d05ef65ce8088e8e9bbbb9a20af7d2caede336c456d61b3eff4099b2f7fce	INCLUDE_RELEASE_SCOPE
scripts/build_celloracle_object_module6_6.py	source_script	13097	7327ead38305daa1b56b7fd2663a68940350fc692774ab0382e429f122ca2d29	INCLUDE_RELEASE_SCOPE
scripts/build_trajectory_object_module5_1.py	source_script	18132	932d2a0e1a15a08330c2b9fedfc84e7916a18b971ad20e6ece0c12b35f787e96	INCLUDE_RELEASE_SCOPE
scripts/clean_scenic_module6_3b_formal_input.py	source_script	4358	e2b5732cfc36cfdd935dcac83a5a8ce60869d487cf0a3b14df8073e347d159fb	INCLUDE_RELEASE_SCOPE
scripts/clue_component_decomposition_module9_9.py	source_script	18576	f12fb5d479714238e43a459cbf777931cb5d5ad40da1c1d5b640386dcd16320a	INCLUDE_RELEASE_SCOPE
scripts/clue_landmark_profiles_module9_9.py	source_script	8390	5313fafd8b3bfe7c370ee3848f395afafbc0a70edad95d0af40d9ae48a90356f	INCLUDE_RELEASE_SCOPE
scripts/clue_query_module9_8.py	source_script	8462	21a52d067770d4306eb6a9861caef619ffb4e9c26c3b4db61f1fa10caaeb67fd	INCLUDE_RELEASE_SCOPE
scripts/compute_figure1f_tsne_embedding.py	source_script	1907	03ab9904d9f074ba6ae343eae042058dc281f788538fc199ed29f9449a0d941e	INCLUDE_RELEASE_SCOPE
scripts/compute_figure1g_hepatocyte_tsne.py	source_script	4469	e2cbad5dd405d562d0e8dea39b0d27945b1d19fef33f500c6bc6e95cd5b79fb1	INCLUDE_RELEASE_SCOPE
scripts/compute_scvi_neighbors_umap_leiden.py	source_script	4748	93bb7bed5ed1627cc69760e7e717bfdb0f5a71b18bef978e7ec554da07e3a7bf	INCLUDE_RELEASE_SCOPE
scripts/consolidate_grnboost2_module6_3b_report.py	source_script	2367	105b97b8d6c9f7312d9c81a877cb73c270fe45018bcb0ddc7766dc869685394a	INCLUDE_RELEASE_SCOPE
scripts/convert_public_to_h5ad.py	source_script	10838	daaf304d0a731e06d1799fc11f164b1e2292bfdfa1a8e8004adfe51d8032ab73	INCLUDE_RELEASE_SCOPE
scripts/convert_public_to_seurat_rds.R	source_script	3992	4dbb2518beb465e4957e6a3c4f6467942c990926849db0bd88309cd041b99305	INCLUDE_RELEASE_SCOPE
scripts/convert_qc_h5ad_to_seurat_rds.R	source_script	1886	5029c8d0a3f0d5c0624b94641a3e9d27678ad7f56edea62e5fa3fb5c088994a3	INCLUDE_RELEASE_SCOPE
scripts/convert_seurat_rds_to_h5ad.R	source_script	2432	de59cef05735d01c8c7e2891cef8bcd419e654ffa3b96b7b4e1396497c3bc78e	INCLUDE_RELEASE_SCOPE
scripts/define_trajectory_stage_root_end_module5_2.py	source_script	15064	58025e9870942ad2e5ccb8e5bc30c3e52ee30171a59a85e4a112b88073f5e9d0	INCLUDE_RELEASE_SCOPE
scripts/diagnose_scvi_doublets_cell_cycle.py	source_script	23657	69e2f45bd468f847a6c05ce8b5d6597279074accaaef3651da1a7936898a26da	INCLUDE_RELEASE_SCOPE
scripts/download_public_datasets.py	source_script	8093	f24aff9a2c77b1f977dcedf0c0d9c3966e46d08c386da893e2f80dc544b00843	INCLUDE_RELEASE_SCOPE
scripts/drug_query_module9_5.py	source_script	14589	888048484ba0b187be45fc68cd54f1c3058d01f124e364bf2d4a73befde862f3	INCLUDE_RELEASE_SCOPE
scripts/drug_reversal_signature_module9_4.py	source_script	26554	97c3efb43f5b06008ddb7aac27806660256e2e5bd5eca7ca531b2af38f3cdb01	INCLUDE_RELEASE_SCOPE
scripts/drugreflector_adapter_module9_6.py	source_script	18952	289fec43e67095f09ccf18c6629c1505d83a86dedbe7af8a00d7bbf8d87fb1f1	INCLUDE_RELEASE_SCOPE
scripts/drugreflector_inference_module9_7.py	source_script	12239	a20792a33c6bc0858e3ae71eda5419900981aba2994b1f57f9a4dd77cb149154	INCLUDE_RELEASE_SCOPE
scripts/drugreflector_metadata_crossvalidation_module9_8.py	source_script	27012	9c1e7074f56609525ce4bf2c72bbe5562dd5ee947e300f944dcf12d00b7dc85a	INCLUDE_RELEASE_SCOPE
scripts/export_cluster_expression_for_singler.py	source_script	6588	73d59276ba588795519e13a58995fa18f4b80954262f457689950f520f36ba16	INCLUDE_RELEASE_SCOPE
scripts/export_codex_project_sessions_to_markdown.py	source_script	15656	8f1707934d2f8bf655dfa0af7fe9de4f9494ce328569ac0bdf648d665d6662d7	INCLUDE_RELEASE_SCOPE
scripts/export_copykat_inputs_module3.py	source_script	8816	94ad59b60207222b76cd5c450063b0dcd3d170d59b85333dca8eb4fa3d0ab7fc	INCLUDE_RELEASE_SCOPE
scripts/export_metadata_sample_info.py	source_script	9189	35fb09c88e247ad530f22e77458c743c7cb745a3c2cc60bdb0aa8fbac46bff1d	INCLUDE_RELEASE_SCOPE
scripts/export_scenic_loom_module6_3b.py	source_script	2582	3240cd396bce0e2a9a72ecf86ecba0a1fdbd27ec0cc171c7160860a741f90f0d	INCLUDE_RELEASE_SCOPE
scripts/export_sctenifoldknk_input_module7_1.py	source_script	7335	5089c684423edadbc43038d53896ef220fbdb44b68d840cf1eb78cfa77aa0fe0	INCLUDE_RELEASE_SCOPE
scripts/export_seurat_counts_to_mtx.R	source_script	1273	012b3cda0493911dc47a6396bf407b580bc3c85ecc27eb082f2ed31d82c84b8a	INCLUDE_RELEASE_SCOPE
scripts/external_validation_module8.py	source_script	99424	6d26d3ca8f5977672473ab49bd134fe90f91282d287a99bee03f1c7f2959a4a2	INCLUDE_RELEASE_SCOPE
scripts/figure1g_stemness_helpers.R	source_script	2152	5ab46ca43ae463a89768af4f31c00585695c0e138a7c95e4dc1a2c918fc08d8f	INCLUDE_RELEASE_SCOPE
scripts/figure1h_rank_curve_helpers.R	source_script	2634	02872bae175c0461295bcffa8a2d9d65ba85d2929fdb2ef0fcff858532df36b8	INCLUDE_RELEASE_SCOPE
scripts/figure2_hnf4a_common.R	source_script	3091	c98ff60fe59cadb96d96e3d72ebab38170845b8c9d17559e89e998ef441feb0d	INCLUDE_RELEASE_SCOPE
scripts/figure3_egr1_common.R	source_script	3092	a3fe1ee4ebaa16424393524a2186093a1bf1170f480885ce48623002daddeea8	INCLUDE_RELEASE_SCOPE
scripts/figure3_egr1_common.py	source_script	7579	c5027ac2a82a9b85ddb8a84d92e6bd6a7390f718c1eb6886495e5ff3f6ccdcaf	INCLUDE_RELEASE_SCOPE
scripts/figure5_00_preflight_audit.R	source_script	8453	c579134dbe5556fc8a2883e8b91095f0c219e1fc302c4e1a90d94186f6a802fb	INCLUDE_RELEASE_SCOPE
scripts/figure5_00b_frozen_signature_audit.R	source_script	6557	02168ce1646b0f4bd8f498086bdb401896dd8ed3367437202ee0a447936e09af	INCLUDE_RELEASE_SCOPE
scripts/figure5_01_calculate_three_axis_scores.R	source_script	10391	9406ff0280993245a1f9013658def6e6d1e93284e6e23d2838ec182311d9a2a0	INCLUDE_RELEASE_SCOPE
scripts/figure5_02_orient_pseudotime.R	source_script	3654	64c9550da10ff8dc51cc34f07c208eada3543ee5d1f087fe1100cd3bce515a36	INCLUDE_RELEASE_SCOPE
scripts/figure5_03_build_patient_pseudobulk.R	source_script	3494	799bcd88ad659c0a98f6fd57cdb9cc67f112e3229cb38fd23513db92e618a916	INCLUDE_RELEASE_SCOPE
scripts/figure5_04_fit_three_axis_gam.R	source_script	6547	83a73615db7b62ddd8626faf4e80610b2999be7d8a94963b26536e87bc56a633	INCLUDE_RELEASE_SCOPE
scripts/figure5_05_prepare_temporal_heatmap.R	source_script	4757	9a0e93c30e81dc5404531850b3f71e4de7430f62abeadc4ad7ec8db980a0ba73	INCLUDE_RELEASE_SCOPE
scripts/figure5_06_calculate_temporal_landmarks.R	source_script	2858	e89f010082dec8f7b0b236c2d4698a295f3121400d7167ce97d4f8d938535d2d	INCLUDE_RELEASE_SCOPE
scripts/figure5_07_bootstrap_temporal_landmarks.R	source_script	7752	2e229f240b831b6ec701318485003e4f985a365374acc7748e215f4908da17c4	INCLUDE_RELEASE_SCOPE
scripts/figure5_08_analyze_precedence_probability.R	source_script	4056	39b0b2fe3f5418b25ffda6c7f0f0e826861130f944f0b0cfa972156318efd06a	INCLUDE_RELEASE_SCOPE
scripts/figure5_09_analyze_method_concordance.R	source_script	8561	73e224e8e8e1200fd86ce4c245426ee1fb0d58e9329bc7c63ca2e9ff6660e997	INCLUDE_RELEASE_SCOPE
scripts/figure5_10_analyze_patient_temporal_order.R	source_script	6412	b108b8aab4e6f6a473711f36ac22056733043f5e0f4c1b176be4f1d0085fa873	INCLUDE_RELEASE_SCOPE
scripts/figure5_11_qc_onset_fix.R	source_script	8480	c855ca4268b9f65cb7844ae3d80c4db843de6b5a8e833d7d4a24807e3668d061	INCLUDE_RELEASE_SCOPE
scripts/figure5_12_compare_old_new.R	source_script	7405	6653a13b277c154532c1f294d956e8f2b30b203d85a8fb5482c917c08574b0fa	INCLUDE_RELEASE_SCOPE
scripts/figure5_plot_theme.R	source_script	2478	b656100a0612eb5b83dae532342815494b75214cc9dc58b1570a8290cf604005	INCLUDE_RELEASE_SCOPE
scripts/figure5_temporal_core.R	source_script	37117	0dd5d2be6aa81d95718ca3a4652d8006c52c9f54d5823a0b027974143e71d13d	INCLUDE_RELEASE_SCOPE
scripts/figure6_00_export_celloracle_programme_deltas.py	source_script	12702	28bebedbb1bc271ad5f8339336662e5ee3b3d9890de740f1929f748da0d6e348	INCLUDE_RELEASE_SCOPE
scripts/figure6_00_preflight_audit.R	source_script	18746	a00def0b1987a4c04fe07119075c60df0cbf8cc632e6e9cdd2224d3efd0abe07	INCLUDE_RELEASE_SCOPE
scripts/figure6_01_build_perturbation_matrix.R	source_script	7019	133e5eee65e5ff4b06a0d9b0f03539253ec01a8ada405657af1972c3b4ff9169	INCLUDE_RELEASE_SCOPE
scripts/figure6_02_prepare_representative_vector_fields.R	source_script	2465	7baceaadb41ec56f90f2baf5af616a6a4ea8acfa3735096253e926ab8c6c4baf	INCLUDE_RELEASE_SCOPE
scripts/figure6_03_calculate_directional_asymmetry.R	source_script	3454	1b02cd62d02cb72330f89c9a9021b3465a4da0c24365a445adda2d4a75d36af5	INCLUDE_RELEASE_SCOPE
scripts/figure6_04_compare_virtual_perturbation_methods.R	source_script	2157	b3974d3f60c52c6e7064880af3bbc673c1cf9416ac1e9995af3a321498b1892a	INCLUDE_RELEASE_SCOPE
scripts/figure6_05_analyze_target_pathway_overlap.R	source_script	4070	33520eefa1b4ca82fc6648d1148e3da8666e39024f49874b385b5b483cf3f1d3	INCLUDE_RELEASE_SCOPE
scripts/figure6_06_fit_competing_network_models.R	source_script	6619	d9cc678057aeb36efc2d3fec4daa28f43011b4e5000f9c89902f47a0217ca921	INCLUDE_RELEASE_SCOPE
scripts/figure6_07_build_evidence_graded_network.R	source_script	6672	b1ac89435aa85049650c6e2e34b1fda5f3aed2a59dabfb0049f432d6a68fcd48	INCLUDE_RELEASE_SCOPE
scripts/figure6_08_prepare_literature_comparison.R	source_script	2999	e268fda6dc74fc3fca2b4cb9cdc6c0714fa373c48ffad0092d393f96ffd64175	INCLUDE_RELEASE_SCOPE
scripts/figure6_09_negative_controls_and_confounders.R	source_script	5632	1daeab18a0ef1ee76a5b5489b9737a409e3b4ee46f147f1890aceeb9de89b6ac	INCLUDE_RELEASE_SCOPE
scripts/figure6_10_finalize_report_and_preview.R	source_script	10566	0fff61c85d2de28ff9a8b61489225527f31ecc94518c3353627d6700244a832c	INCLUDE_RELEASE_SCOPE
scripts/figure6_common.R	source_script	5856	4ccfa3b0077d2df785e1592ee49aa734f0fbc186ae540a7d6c10626f228af809	INCLUDE_RELEASE_SCOPE
scripts/figure6_plot_theme.R	source_script	4071	89363acf2b8a9dfb41fca1332635fd6b7b096d0110fb251c56c34927653a160e	INCLUDE_RELEASE_SCOPE
scripts/figure7_00_preflight_audit.R	source_script	167	4a954c5414608569921c8e6b8fb51717f73c4abf57e83e40d46a6f59b9699d63	INCLUDE_RELEASE_SCOPE
scripts/figure7_01_prepare_bulk_expression.R	source_script	165	cb9dee0b64e0b272744894ac8940f1c8584df2e03a9207d22315b33fac91ed17	INCLUDE_RELEASE_SCOPE
scripts/figure7_02_calculate_bulk_axis_scores.R	source_script	164	c085c3d10e3bc6e63a49c76d74eb7dcc0739af951d49fd3b431d300e2efe9c91	INCLUDE_RELEASE_SCOPE
scripts/figure7_03_analyze_tumour_normal.R	source_script	167	302057e4179d823b5f230b4aa56c47b5b3c39529f02035a606248a3811fbc4b3	INCLUDE_RELEASE_SCOPE
scripts/figure7_04_analyze_clinical_associations.R	source_script	167	cc301db735000452d9fbc7ec608adcb9b3a77b71824f9e9ee0890a2adee9163a	INCLUDE_RELEASE_SCOPE
scripts/figure7_05_fit_multivariable_cox.R	source_script	167	0f8af182fc1e7e84a6bf701a48b83a176aad8c392e63ef9f1220caa435a1b4e1	INCLUDE_RELEASE_SCOPE
scripts/figure7_06_evaluate_incremental_prediction.R	source_script	170	2121a08373018b03e90ab725b87b44ccab608cdd9cd7be56ed77a07adf3964f0	INCLUDE_RELEASE_SCOPE
scripts/figure7_07_prepare_survival_groups.R	source_script	168	999240f7365a1d694918095dd5701a5e05b3af8fff0365b939df86a2694abc50	INCLUDE_RELEASE_SCOPE
scripts/figure7_08_run_sensitivity_analyses.R	source_script	171	4b6a439b230a67213555db165beee27be3516d4629e5bbeaa729d16040bb52d9	INCLUDE_RELEASE_SCOPE
scripts/figure7_core.R	source_script	113420	d71f83ec311ba142392fd6b263efbf881ca5714927f09bce3afaf1caa7b72302	INCLUDE_RELEASE_SCOPE
scripts/figure7_icgc_os_audit.py	source_script	39470	9defa15b6c7e85850688ecd40263d7843c747274b245a2db77e538ff1aea4e60	INCLUDE_RELEASE_SCOPE
scripts/figure7_icgc_os_survival_audit.R	source_script	25648	dc05bb5f8bbe74e358dc0410f06e27a33071059e6797359955f5a83ca234a3fc	INCLUDE_RELEASE_SCOPE
scripts/figure7_plot_theme.R	source_script	2573	9ca4e71146a20149d17fb1dd22631150e11c61b38ae580840936f2ebc58ab8a1	INCLUDE_RELEASE_SCOPE
scripts/figure7_v2_core.R	source_script	152063	c6764cb080e658db843382b0f0e127e9c7725319875f002b5fdf7c141b73b2ac	INCLUDE_RELEASE_SCOPE
scripts/figure8_00_preflight_audit.R	source_script	338	266d6938c75735fe59d53591c3200163053e8ad6ad50a1f43e5292c633c8aa53	INCLUDE_RELEASE_SCOPE
scripts/figure8_01_prepare_signature_composition.R	source_script	346	d26e84b786e0e76715f491f579b0ea4cb2ff9ff8295876dee7909a254972f61c	INCLUDE_RELEASE_SCOPE
scripts/figure8_02_analyze_drugreflector_stability.R	source_script	338	7e3c35f7e3583f5e124bf8830fcceafa251f66a77de4f86cef956f6fbc6d9d3d	INCLUDE_RELEASE_SCOPE
scripts/figure8_03_analyze_cross_method_concordance.R	source_script	341	3fec3a06d81511b80804af19253845dbb654b6bf065bdc02653505ab3adc13c2	INCLUDE_RELEASE_SCOPE
scripts/figure8_04_analyze_mechanism_classes.R	source_script	346	9c9a1cf5af465b6dbecd686f0dc266390ba74f2938e565a9d735b6a6bcdea447	INCLUDE_RELEASE_SCOPE
scripts/figure8_05_validate_external_perturbation_signatures.R	source_script	348	189d04361dfb3c79e5bb8bd9887dbf50ce3fb28dccfb8d4112d3f36b63f38f57	INCLUDE_RELEASE_SCOPE
scripts/figure8_06_build_integrated_reversal_score.R	source_script	345	42b0b257401a8f837367c2058c0ad9a96b5890202388ccef27daa9b9e2e30a86	INCLUDE_RELEASE_SCOPE
scripts/figure8_07_run_random_signature_benchmark.R	source_script	345	63e8c09a3fa38a54322ca2d4e24ba44add0f0e443d7daf029823d3e01553f9b7	INCLUDE_RELEASE_SCOPE
scripts/figure8_08_analyze_toxicity_stress_penalties.R	source_script	347	5f984b4276b7de4cbbcd0ddd3866cd62c0c65b6fa3ab930fbe29992c7d7e7577	INCLUDE_RELEASE_SCOPE
scripts/figure8_09_build_preview_report.R	source_script	347	4aa4c3d3e0d675c8d04eab46b07ab530124561ae2515be9dc5f75d9299e046c5	INCLUDE_RELEASE_SCOPE
scripts/figure8_analysis_functions.R	source_script	139581	8b455aaa89c9fcc917c7f439f3a88158a434485daecb9da0e20d492ed48b70d0	INCLUDE_RELEASE_SCOPE
scripts/figure8_drugreflector_inference.py	source_script	12062	6f27604310af953001850b20d9605a5f353f97e51591d5583d6eca4cc66219af	INCLUDE_RELEASE_SCOPE
scripts/figure8_plot_theme.R	source_script	8741	7af91243e32d76258c6bfe1151ca2dbde3f3bee310684ff022002e94238122ef	INCLUDE_RELEASE_SCOPE
scripts/figure8_v2_00_freeze_audit.R	source_script	8413	1931f2124581c93e31d1ae853a514fad82bfba09f594a8b0b6c61b11b5ad56ef	INCLUDE_RELEASE_SCOPE
scripts/figure8_v2_01_build_continuous_signature.R	source_script	20922	34c8a86edad6281dc974784d5a40eb96dfba18790123e41c17e166bf82c37f2f	INCLUDE_RELEASE_SCOPE
scripts/figure8_v2_02_analyze_drugreflector.R	source_script	7716	5f73edef2c093ea63c3252814de604e828720bb841312a91ffcdd17a88993a62	INCLUDE_RELEASE_SCOPE
scripts/figure8_v2_03_matched_random.R	source_script	11040	563f2f45098dfdc4195a769c3380867dfb49340922aacc09dfd2174611148d86	INCLUDE_RELEASE_SCOPE
scripts/figure8_v2_04_fetch_external_resources.R	source_script	9856	be59cbf871871bedafdba0faf8cd9ca894df37007f4de8c1912c02db69bb931b	INCLUDE_RELEASE_SCOPE
scripts/figure8_v2_05_cross_framework.R	source_script	6319	712fe916f335a103da87608465fadc558b2f862069155d5dfee22804251a6a3f	INCLUDE_RELEASE_SCOPE
scripts/figure8_v2_06_moa_network.R	source_script	10322	c64814ce5c29fa2ae10a2659a885650bbc6b8ca1c8f7fbd919ec0f1a49d4d9cc	INCLUDE_RELEASE_SCOPE
scripts/figure8_v2_07_prism.R	source_script	16241	ef6cb16944f70abf0ab010bc9814ba0b75a7f416760fc855f48fbe08a64fddc0	INCLUDE_RELEASE_SCOPE
scripts/figure8_v2_08_nuisance_literature.R	source_script	12120	ca7c24845863126edf7034f1509ef4d2228c9a53132796f5200e85a1885bc7b6	INCLUDE_RELEASE_SCOPE
scripts/figure8_v2_09_integrate_evidence.R	source_script	17511	57f142f41d22cf4749c78d971eda3e4d2d9fb1db2f7d35fef1465c8b067387c5	INCLUDE_RELEASE_SCOPE
scripts/figure8_v2_10_plot_mainfigure.R	source_script	16350	473267eec6882156f5fa4846c9ac0efe0a70c50766ae838a2b131ce446af11e4	INCLUDE_RELEASE_SCOPE
scripts/figure8_v2_11_plot_extended_data.R	source_script	9168	7aed73ea0a723da48f08a6abfa813da211f8e6bf982ae6d9bd0a360f283281fa	INCLUDE_RELEASE_SCOPE
scripts/figure8_v2_12_validate_report.R	source_script	29519	a99d7925b509ca94fc7a2cdb2749b115e8e444cffe040648f3e347faeade44bc	INCLUDE_RELEASE_SCOPE
scripts/figure8_v2_common.R	source_script	9653	312259648dbaf35d87b741ff0644952b7c476c5495159d9e1ee609e444b6b4e0	INCLUDE_RELEASE_SCOPE
scripts/figure8_v2_drugreflector_inference.py	source_script	13072	6c35ce3ba09197a0974943de4dbf678124a7c1dfdc657224202e8663612b3baf	INCLUDE_RELEASE_SCOPE
scripts/figure8_v2_theme.R	source_script	3081	aa284570ea78b00db6a9d27ec09879468bf346b5ecffd57ff25fd10be0250dfb	INCLUDE_RELEASE_SCOPE
scripts/filter_doublet_cluster_recompute_clean_umap_leiden.py	source_script	13429	f5fe7cd6546363608be20adc656499aa94789fe08aad2e63e87420089fe455c6	INCLUDE_RELEASE_SCOPE
scripts/final_trajectory_evidence_module5_7.py	source_script	22121	e879af106e6d678c7701f41ecc48f08cc45b169fdfb5e212663bad25c0bf8ece	INCLUDE_RELEASE_SCOPE
scripts/fit_celloracle_grn_module6_7.py	source_script	11595	c76d5dc3b6a43b89b025911c5dde483d8f89840c623928b23a6696511118d716	INCLUDE_RELEASE_SCOPE
scripts/generate_figure3_egr1_report.py	source_script	14901	bd3e55fba21013ad34f7e54e9836e466f04be0f7a58599bc2911573c0fc203c3	INCLUDE_RELEASE_SCOPE
scripts/generate_figure5_onset_correction_report.R	source_script	15166	ee8de185e99e97b50802846b12eb388757e75a33466917283c6df584b01d0653	INCLUDE_RELEASE_SCOPE
scripts/generate_figure5_six_panel_layout_report.R	source_script	8565	31cf1bf82a8c17e411deab90e722131abf032e77c7c40dfa288a775c23c19711	INCLUDE_RELEASE_SCOPE
scripts/generate_figure5_temporal_positioning_report.R	source_script	10872	62fbbef5f62895d38136f6c15266694a63fc1471cf21a3aff0e2e292032ca962	INCLUDE_RELEASE_SCOPE
scripts/generate_figure7_external_validation_report.R	source_script	193	7ab24201c4ec5ffac6c119b93dfe98771cc8d462df8bd3eb77cbbe53fbccef2b	INCLUDE_RELEASE_SCOPE
scripts/install_copykat_infercnv.R	source_script	2884	467e0dab2cf188c0b4cfb191c82e1ad6f38e61b500c33121798efa652f15daf9	INCLUDE_RELEASE_SCOPE
scripts/install_infercnv_retry.R	source_script	980	17c6f1861cb409b292f76ee45c844ff7be5ad1d83700018225326b9b5ba1c370	INCLUDE_RELEASE_SCOPE
scripts/integrate_canonical_scenic_module6_3b.py	source_script	43797	de7ee51b26d3dfa63976765c8d1ced56de1369dc9c2930f1a33523f18a166b3f	INCLUDE_RELEASE_SCOPE
scripts/integrate_cistarget_regulon_module6_3c.py	source_script	19750	bf68e189d6dadd6ce0d7dc037c917404bf15573819016c56fedc837739e4e871	INCLUDE_RELEASE_SCOPE
scripts/integrate_sctenifoldknk_celloracle_module7_3.py	source_script	22121	0c30656263ba4071c69dc24dccd0bf0462177dfc47633cb718c7516ec187ed70	INCLUDE_RELEASE_SCOPE
scripts/integrate_sctenifoldknk_reproducibility_audit_v2.py	source_script	35700	188383525ee9a5df90d1b5ab0ee62c05a70e62d028c6eb269a84f4c713034368	INCLUDE_RELEASE_SCOPE
scripts/landmark_signature_decomposition_module9_9.py	source_script	15114	5d8343c78865ee304aeef5486e0a2e649594d636c81dad04ec42b32781fe3a08	INCLUDE_RELEASE_SCOPE
scripts/make_figure2_hnf4a_montage.py	source_script	2661	51a107725f4803afab43c05bd6fc18924dd7a07952d56b11bc50e5e390b9b900	INCLUDE_RELEASE_SCOPE
scripts/make_figure3_egr1_montage.py	source_script	6831	9e0b153d48d8b1a570037b0bdd4fc45debef21765e4c6defeed255915ac53836	INCLUDE_RELEASE_SCOPE
scripts/malignant_hcc_module3.py	source_script	26336	5149038c221d4496aa95737d40203d9458fdcb0abff894b35c88d06c29631df1	INCLUDE_RELEASE_SCOPE
scripts/manual_marker_module1.py	source_script	26891	b4d3a58b0acb69d1c305cfa25859eb6c904eaf2041608a3aafb2aa5e9b155461	INCLUDE_RELEASE_SCOPE
scripts/merge_copykat_module3.py	source_script	11185	56c3ebb29467e63494ffae5252b2afeb014ee6d23de6867266c6d3e282bdd279	INCLUDE_RELEASE_SCOPE
scripts/module6_3b_paths.py	source_script	314	14839de7d7509d723577d81c26501a02c6b5a81297aaa922f3b86f89f77b3594	INCLUDE_RELEASE_SCOPE
scripts/mtx_bundle_to_h5ad.py	source_script	1905	b84e435ba0f901f79d6d6ce6c934a7eb41369899c5fde6d880187fa32bbb428d	INCLUDE_RELEASE_SCOPE
scripts/network_direction_module9_2.py	source_script	45415	940c0022c9da5b48ef9cf256c9bc51e3242755bb137b385f088a99b29007e2fb	INCLUDE_RELEASE_SCOPE
scripts/normalize_module6_3b_report_paths.py	source_script	1520	ba34fa089a69c4a5878b3ab25f210fed3c18b1f9c54371d9b810ac78c36bc588	INCLUDE_RELEASE_SCOPE
scripts/overlay_cnv_malignant_evidence_module5_5.py	source_script	19179	44726b659f6883bf84c6ef550ce20a3d2c6341d48160d59d691939fe90f6c743	INCLUDE_RELEASE_SCOPE
scripts/plot_extended_data_figureX_temporal_method_concordance.R	source_script	2850	38a52d1c70fb0473b9f3f0a144429d96e110aeb27703ebda7eef1f87a372b17b	INCLUDE_RELEASE_SCOPE
scripts/plot_extended_data_figureY_patient_token_coverage.R	source_script	6360	6b0b52ff3d49e202a4d3c732982b1d79fae22ed89ab5f552057dff856935f5e0	INCLUDE_RELEASE_SCOPE
scripts/plot_figure1a_global_umap.R	source_script	7363	1dd16244edee66084ac166c7e022f2e90c6fd0e57af2ff9e26905bf748d7f59f	INCLUDE_RELEASE_SCOPE
scripts/plot_figure1b_tumor_hepatocyte_umap.R	source_script	12966	6bf0b35d8a45277be4e4b9e176a0b4357238394217e5d152c1d572697db76707	INCLUDE_RELEASE_SCOPE
scripts/plot_figure1c_cytotrace2_umap.R	source_script	6661	b372ced91af5eb1d2df70dee0323238455607371cd0cfe82c2e7db6b6e6b95af	INCLUDE_RELEASE_SCOPE
scripts/plot_figure1d_marker_feature_panel.R	source_script	4402	8a9182ca1b1e55a1cf8c71146c7a18f1e9338c26b3201da3933b6394a227a374	INCLUDE_RELEASE_SCOPE
scripts/plot_figure1e_left_hepatocyte_state_umap.R	source_script	5239	a919e1043d18e2a4f45938ce67eb4561d461728841cc1987e20e0ec4ea90ea12	INCLUDE_RELEASE_SCOPE
scripts/plot_figure1e_right_marker_dotplot.R	source_script	7136	1935158870e537006fb8907f2eb122d53faa30bb97e6c0ed000897f79aabffab	INCLUDE_RELEASE_SCOPE
scripts/plot_figure1f_slingshot_trajectory.R	source_script	9194	b5fd3a6de37d32722468370c80588aaa0fe5c134858b55c936e102091e96ce1a	INCLUDE_RELEASE_SCOPE
scripts/plot_figure1g_hepatocyte_stemness.R	source_script	5653	98cc825b17217cf2fb81f5ad7ec4cfb53256834d8a9dad6049dcba366ad0e487	INCLUDE_RELEASE_SCOPE
scripts/plot_figure1g_log_cytotrace2_projections.R	source_script	7571	2ec418c8029a22eba64cd03d403849efa1e8c486837509ba15f83d8497a217a7	INCLUDE_RELEASE_SCOPE
scripts/plot_figure1h_rss_rank_curves.R	source_script	5769	f36bf4d99a380d489849a3dcaa5376db5952a25f93ff73b8834fc8b3c2cc6334	INCLUDE_RELEASE_SCOPE
scripts/plot_figure1h_rss_ranking.py	source_script	8197	d887cad59a1d98c60bbbb14ccd5ea396ea11fb493dc310ad0154c4d0a909f8c1	INCLUDE_RELEASE_SCOPE
scripts/plot_figure1i_cellrank_cistarget_intersection.py	source_script	9988	7c02bb1ea1e65714b2acceaea8c3681f628fc78b0163eae3e18f5afd0483213e	INCLUDE_RELEASE_SCOPE
scripts/plot_figure2b_hnf4a_baseline.R	source_script	4626	5f8a555d6fff83648c826c546d0d82d69058e4160a95b57b4fe809351112be02	INCLUDE_RELEASE_SCOPE
scripts/plot_figure2b_sox4_baseline.R	source_script	10701	e2188e046915d817ea1cc83aae4c3dee3c3191fad8bf68cb72a5da27dc476545	INCLUDE_RELEASE_SCOPE
scripts/plot_figure2c_hnf4a_inner_product.R	source_script	4840	fdbac896dfd724325c00be0f1e6d3dfa007c9eea2b9aece4cb86486f7c88ffa5	INCLUDE_RELEASE_SCOPE
scripts/plot_figure2c_hnf4a_perturbation.R	source_script	7250	87f1e874238986d5c6bb2395a1e23bc3d3cca78345b3dd23e0d4d8ac0154c196	INCLUDE_RELEASE_SCOPE
scripts/plot_figure2c_sox4_inner_product.R	source_script	7449	59d96cdbdd5544060b0024f488641c3a6ddb9b1dd3531c832a3479729a51f9c1	INCLUDE_RELEASE_SCOPE
scripts/plot_figure2c_sox4_perturbation.R	source_script	11016	7900734d245e90a2d73d64cf27350a20c2a045bb469f81604a17a98a2a9074a4	INCLUDE_RELEASE_SCOPE
scripts/plot_figure2d_hnf4a_pseudotime_inner_product.R	source_script	8471	947b4653ceb763085b2bafd098da856968ef65d7f95ed8949e50b0ec8ff4e696	INCLUDE_RELEASE_SCOPE
scripts/plot_figure2d_sox4_pseudotime_inner_product.R	source_script	9871	32d99d75c965b70d95c32d25d946b0bce5badc316c515205b5cdd48555b2474a	INCLUDE_RELEASE_SCOPE
scripts/plot_figure2e_hnf4a_sctenifoldknk.R	source_script	6921	27a099ba139db5b0483cb16886eec3f8c00b2c91c99e3211e8b346758a1d2dd4	INCLUDE_RELEASE_SCOPE
scripts/plot_figure2e_sox4_sctenifoldknk.R	source_script	6642	f124a7cafccd91818aaaee7af762c20c31bed5e361f3881290dd477deefa0ad3	INCLUDE_RELEASE_SCOPE
scripts/plot_figure2f_hnf4a_pathway_enrichment.R	source_script	6629	b34d65a3310c4dbc59e89a1e3a82a232ed33d92d7c4eda7d3a14a7536b225fb6	INCLUDE_RELEASE_SCOPE
scripts/plot_figure2f_sox4_pathway_enrichment.R	source_script	9637	855623954cafd0e249d90fe3ea69e1a17b0e638b74c2209ae18174adcee9f0d7	INCLUDE_RELEASE_SCOPE
scripts/plot_figure3a_stress_transition_selection.R	source_script	7894	b828d34e4806edf510daa365d2a546732227610566dedf6cfefe2b2b2704447b	INCLUDE_RELEASE_SCOPE
scripts/plot_figure3b_egr1_baseline.R	source_script	5243	ff9b66553c91cf0da5f300db9246b52323373fa7fb02316bee672817ec50f739	INCLUDE_RELEASE_SCOPE
scripts/plot_figure3c_egr1_inner_product.R	source_script	12148	dad48b13e92e44feba134e9ca5e8117abcd9f34dd0a4d379de536490c40eabb3	INCLUDE_RELEASE_SCOPE
scripts/plot_figure3c_egr1_perturbation.R	source_script	10154	b2c4d6f8670fb42cd5b8dbdea27387a29c8ac9ecae76b91bb32503ad191636ca	INCLUDE_RELEASE_SCOPE
scripts/plot_figure3d_egr1_pseudotime_inner_product.R	source_script	6958	684572b5903a001808a30ebbf3cd80b07c009be2da8b9421ac6de2c4bfce255d	INCLUDE_RELEASE_SCOPE
scripts/plot_figure3e_egr1_sctenifoldknk.R	source_script	6871	9ad196444a34dd94f65ce77571b8e46ba9b8c08fa68f240e101e295af9357eaa	INCLUDE_RELEASE_SCOPE
scripts/plot_figure3e_egr1_sensitivity.R	source_script	3894	58cffb9f246f0ea5909f5cbb96e5c1f5af28d4c905eee32fcaf6ba8e1ba45455	INCLUDE_RELEASE_SCOPE
scripts/plot_figure3f_egr1_pathway_enrichment.R	source_script	10138	a89a79989d18758dd4cd55570dda4126c983aac35e0bfd8b4d6295817c810a31	INCLUDE_RELEASE_SCOPE
scripts/plot_figure5_six_panel_montage.R	source_script	2820	5875ccd8a3e48a3a4a68a7c3fe33046e4366ab8a2d701f9e6cce2c8b1c9e2c2a	INCLUDE_RELEASE_SCOPE
scripts/plot_figure5_temporal_positioning_preview.R	source_script	1680	b59102adacbffd514e785143f498189dff55ddd942bf65bb525b3b7d50b0f987	INCLUDE_RELEASE_SCOPE
scripts/plot_figure5a_corrected_workflow.R	source_script	6496	4f2bded301cc482ce6e65e1b1c2d03d2ae88cec46015ac0bcd647c95ddeea39e	INCLUDE_RELEASE_SCOPE
scripts/plot_figure5a_temporal_framework.R	source_script	3701	33e2412d360e39996b142c1d343a949103c254281498e8f45a6370bf47b202bc	INCLUDE_RELEASE_SCOPE
scripts/plot_figure5b_six_panel_programmes.R	source_script	3129	501c6647c31c38e1b719e5dd362d81147b5f27fc865d5e14b506c959b42fc902	INCLUDE_RELEASE_SCOPE
scripts/plot_figure5b_three_axis_gam.R	source_script	3097	493c5df40c82b98a5d4435729bc13533e2aaf4fa4bcd9445b76ce0aa01275550	INCLUDE_RELEASE_SCOPE
scripts/plot_figure5c_six_panel_programme_heatmap.R	source_script	2665	d1339e834c4070cb5d29d2144aad11616440f795d13317c42ac3db8864c42c2e	INCLUDE_RELEASE_SCOPE
scripts/plot_figure5c_temporal_heatmap.R	source_script	1750	f0a4c128b9233839283f60d56d27e6b4400a77200d9d53f4619a7e9470b5aa1b	INCLUDE_RELEASE_SCOPE
scripts/plot_figure5d_six_panel_landmarks.R	source_script	3629	abb6d907fc1901196e871014e49534ad022da1c2d842e00f6f119a46b7f382c0	INCLUDE_RELEASE_SCOPE
scripts/plot_figure5d_temporal_landmarks.R	source_script	3334	29fc195c762ce151bc34a3eb10e7e0062402262ce658c2bc4d06f43331f3be20	INCLUDE_RELEASE_SCOPE
scripts/plot_figure5e_precedence_matrix.R	source_script	1694	86e33c07d66dda31f126222b2f816fa17a5e8b39e4a845f885528285d43553b6	INCLUDE_RELEASE_SCOPE
scripts/plot_figure5e_six_panel_precedence.R	source_script	5393	3cbc64430fe2fe552ff9911d3ab308474e6f16e0ae272f077450d87f57151d36	INCLUDE_RELEASE_SCOPE
scripts/plot_figure5f_method_concordance.R	source_script	1641	b562a6b784c8cae14513b5b0c4e6d2af671a2280e92a6f201595b05ca63bbcbf	INCLUDE_RELEASE_SCOPE
scripts/plot_figure5f_six_panel_activity_model.R	source_script	16636	17a3a98eccbbff467c8325e3104acb59cabc6c453aa5bd39462f7dc20e106266	INCLUDE_RELEASE_SCOPE
scripts/plot_figure5g_patient_forest.R	source_script	3481	0844e9e159a777ae2e3a4d1beec54299efa6ce40ddc9cb64998eba551f55d229	INCLUDE_RELEASE_SCOPE
scripts/plot_figure5h_overlapping_phase_model.R	source_script	13825	3ed014666494c40ff106d169c96fb27a989ce6fe9c91d000211525fa2a2d4669	INCLUDE_RELEASE_SCOPE
scripts/plot_figure6a_perturbation_response_matrix.R	source_script	3151	cb6546a04b487246a0ea77d26836ba94cf75aff3d1e289f9106838f9894496ff	INCLUDE_RELEASE_SCOPE
scripts/plot_figure6b_representative_vector_fields.R	source_script	2016	e375cd6501f59a7895d0addfa75769472fe273f68ac80a1ea634e610e47490e7	INCLUDE_RELEASE_SCOPE
scripts/plot_figure6c_directional_asymmetry.R	source_script	2393	57f9cb3ca32060959f6c1ac7862f8c86c478d215117df132f3b7b7ff80094e32	INCLUDE_RELEASE_SCOPE
scripts/plot_figure6d_cross_method_concordance.R	source_script	1321	483f4f73638a9741f1229d718376ac624e8c268a0c7759ee2bd05e45fe7db3b7	INCLUDE_RELEASE_SCOPE
scripts/plot_figure6e_target_pathway_overlap.R	source_script	2577	778905b498e3cddb9d47ae985e5c9a0a184e1cdf9000780d485797e6de842387	INCLUDE_RELEASE_SCOPE
scripts/plot_figure6f_competing_models.R	source_script	3957	293989286630deed8e67019d729d701c3faf99d17524e500466346358f82f26c	INCLUDE_RELEASE_SCOPE
scripts/plot_figure6g_evidence_graded_network.R	source_script	3274	f26ca9d3403187b63dce1456bc3529af99cf03341f6ce1042fbd93bf3358184a	INCLUDE_RELEASE_SCOPE
scripts/plot_figure6h_foxm1_cebpb_comparison.R	source_script	2553	e452924d43292c08a89bc444e91eb7b7a22c37d1abf71d307d1a744a706da8be	INCLUDE_RELEASE_SCOPE
scripts/plot_figure7_external_validation_preview.R	source_script	246	8e09b703c950107282fd795ac32a86c5b653d712c0d0f2ff28741c2512c432f4	INCLUDE_RELEASE_SCOPE
scripts/plot_figure7a_cohort_flow.R	source_script	245	4f8acb27b5616522579a679cb6ed15dc2cafeba1d67a164aa8de0d45d798fdec	INCLUDE_RELEASE_SCOPE
scripts/plot_figure7b_bulk_signature_mapping.R	source_script	245	dcc61a361549358f47e06a29b116a9b54bbee8b778a3390a2a29e6d45b29bfe9	INCLUDE_RELEASE_SCOPE
scripts/plot_figure7c_tumour_normal_forest.R	source_script	245	1aa4f4cc9574b5c4f431148a6ee50e59462369676d2eda26e881812816a83d70	INCLUDE_RELEASE_SCOPE
scripts/plot_figure7d_clinical_heatmap.R	source_script	245	c1c36ce1794bf53b7c55a3d2cf5d66a33d4e20f9e3e79f93331dcbcdf0f0e601	INCLUDE_RELEASE_SCOPE
scripts/plot_figure7e_multivariable_cox_forest.R	source_script	245	697f5315aa6d8bafce1a5f2000a6f7545b413efc056d2004b23aaa62258d632c	INCLUDE_RELEASE_SCOPE
scripts/plot_figure7f_incremental_prediction.R	source_script	245	9d280d2c5f57ef73b6ca67e4b654cb7e6153b370e5f46e8cbb8b92c725b40ec3	INCLUDE_RELEASE_SCOPE
scripts/plot_figure7g_survival_curves.R	source_script	245	1d092527212c97b04f2f39852f93e5ea92eea4f3cbb3b42722ad5e0352a94194	INCLUDE_RELEASE_SCOPE
scripts/plot_figure7h_sensitivity_summary.R	source_script	245	bf3998bc98bfa5dd955dc6de0a958088842c50be80ba83bcee173e2f01849213	INCLUDE_RELEASE_SCOPE
scripts/plot_figure8a_target_state_definition.R	source_script	330	8f47c6e58ea44aac0858769aa9718197df30d86a36b0d3eae8f5da21ce699e97	INCLUDE_RELEASE_SCOPE
scripts/plot_figure8b_signature_composition.R	source_script	330	4578b9759c65fe80f8b6fb67bc2abb6a43b2c9b512b3146aee7b306bd587148c	INCLUDE_RELEASE_SCOPE
scripts/plot_figure8c_reversal_workflow.R	source_script	330	e4339b9a060468b11c1b19ecb2a3a3ab5a02b614a15b241a88f782b68fdd37f4	INCLUDE_RELEASE_SCOPE
scripts/plot_figure8d_drugreflector_stability.R	source_script	330	3887aa38fd8553a431dff7fbc2979e72a966fd49b33290ba8bad09ee864b8f3b	INCLUDE_RELEASE_SCOPE
scripts/plot_figure8e_cross_method_concordance.R	source_script	330	c4470b78ba42cf1686597139ef6255bed6879ba1e250c89fc95a8f51296930e2	INCLUDE_RELEASE_SCOPE
scripts/plot_figure8f_mechanism_classes.R	source_script	330	3c1bd9b5b660d674804a37d3e88465cd5ec6a93538c9d3e7a711bcf46c211a77	INCLUDE_RELEASE_SCOPE
scripts/plot_figure8g_external_signature_validation.R	source_script	330	ee977685beb016de54563f61d3214e7b95a145190d5c80c71adecdd34a33daad	INCLUDE_RELEASE_SCOPE
scripts/plot_figure8h_integrated_prioritization.R	source_script	330	b81df3f09883561d4a9a96bb6aea69b2cd22c721a8dd789fe259b4f9de2e4229	INCLUDE_RELEASE_SCOPE
scripts/plot_module9_2_nature_summary.py	source_script	11319	f1e6308faff340c1531789bb8fc9dd651b7fcf02904f4d5dc944a8237edf9280	INCLUDE_RELEASE_SCOPE
scripts/plot_module9_3_nature_summary.py	source_script	12735	ceefff31da964d3a6d7044c1c938b618a89cb28371b45ec0bffb3f145a9cbc82	INCLUDE_RELEASE_SCOPE
scripts/plot_scvi_batch_effect.py	source_script	11154	824e93fcb2a86219b4465a30100e6c018bc4f60269ab07e8cde920725df09f56	INCLUDE_RELEASE_SCOPE
scripts/preflight_figure2_hnf4a.py	source_script	12894	126251696066203ae7b73422d7c2292ee58cba69286a9023ffe7df9c78730e0d	INCLUDE_RELEASE_SCOPE
scripts/preflight_figure3_egr1.py	source_script	20775	55698a76e3d016aca759661dfe1d0e99bbc516d08401bc5315e1689bfbd6fc37	INCLUDE_RELEASE_SCOPE
scripts/prepare_driver_analysis_object_module6_1.py	source_script	23064	69f2e6f1d0c1881719715bda28eb4c22f8ebc3976d94ac22e979126c9ed5b284	INCLUDE_RELEASE_SCOPE
scripts/prepare_driver_union_full_expression_module6_3b.py	source_script	9576	34b450edd2209311499492ec8d8646a8ba0013e4be45a82941707134487614a9	INCLUDE_RELEASE_SCOPE
scripts/prepare_figure1c_cytotrace2_inputs.py	source_script	10819	b3cff4717bc4d1a868cf3aa072997eb58d33aad8cd07ea7291922fb47ed4e112	INCLUDE_RELEASE_SCOPE
scripts/prepare_figure1d_marker_plot_data.py	source_script	6188	d5d494f7d4338e55ad4b2be897b13009700c3f169131a26075e6b7cef0478426	INCLUDE_RELEASE_SCOPE
scripts/prepare_figure2b_hnf4a_data.py	source_script	4027	4ae7ee3e206b9c512fdfeb532d203c3a4cadf6ba77a81551187558915a942b5a	INCLUDE_RELEASE_SCOPE
scripts/prepare_figure2b_sox4_data.py	source_script	4570	2586a92f250d3139914ad89784faea3f8534a5c323e04fd4230a13b07d2d4fae	INCLUDE_RELEASE_SCOPE
scripts/prepare_figure2c_hnf4a_data.py	source_script	5164	e47ad10cfc4d7e8b58626e3b7d2c1260c0b338e907ff386a820cdd9aaf6e077c	INCLUDE_RELEASE_SCOPE
scripts/prepare_figure2c_sox4_data.py	source_script	4274	d91a36c4f1b3b293c50c491b386407dd0a39fd4914d41423ad0d3f735696a1eb	INCLUDE_RELEASE_SCOPE
scripts/prepare_figure2e_hnf4a_sctenifoldknk.py	source_script	3503	c1f21819235712406e49888a29613adb3b79763267a59c87ff48aeeebff450f3	INCLUDE_RELEASE_SCOPE
scripts/prepare_figure3a_stress_transition_selection.py	source_script	19359	97578483b7efd63c2e41e10d5b02a1122d817fa8c86e628aabe742d2a7ba358a	INCLUDE_RELEASE_SCOPE
scripts/prepare_figure3b_egr1_data.py	source_script	8419	3acb4f9f5cf73fe40660d53b57b9e68083b18e10ac5cd4edfdc242cfc32a2195	INCLUDE_RELEASE_SCOPE
scripts/prepare_figure3c_egr1_data.py	source_script	5444	9d253ac0e0c8ab224b06dfa520910a5b2cdff1ab5150f15ff0f326e744f8c645	INCLUDE_RELEASE_SCOPE
scripts/prepare_figure3d_egr1_statistics.py	source_script	17958	77c8deec06cf80c46d22b883ddfc6871bc4c4d7740b938e0a7927936a17243bf	INCLUDE_RELEASE_SCOPE
scripts/prepare_figure3e_egr1_sctenifoldknk.py	source_script	11073	5c64929ca30b490f5a12245dc413ccb473fafcf7cc8e60cf0f8e95cd83662367	INCLUDE_RELEASE_SCOPE
scripts/prepare_scenic_v10_resources_module6_3b.py	source_script	10505	faa77a015eb7af12d416caaa01bab5e16b7baff7a1e1d95c0dfb68f448d77a06	INCLUDE_RELEASE_SCOPE
scripts/prepare_scvi_counts_manifest.py	source_script	4036	a04556bff6dde2b07e79d9b5673c6518da63a4a97d58104081ec2678ccb4efcc	INCLUDE_RELEASE_SCOPE
scripts/prepare_scvi_input_manifest.py	source_script	2927	f39d788c0e5c075ce07ad65f79fba69dc6171f956a33d6d96f456d41ec16c05b	INCLUDE_RELEASE_SCOPE
scripts/prepare_trajectory_modeling_module5_3.py	source_script	15306	8ae89027fe9dbdc8717476b770da16f24ecd7df2efc14c4bea9e7105fdd715dc	INCLUDE_RELEASE_SCOPE
scripts/pyscenic_compat_site/sitecustomize.py	source_script	194	c1614c6e09cf7a4d020e1f9850ddd3e567603be6b67d2d2ed21077da8ba9f48f	INCLUDE_RELEASE_SCOPE
scripts/qc_canonical_regulons_module6_3b.py	source_script	9408	b48a6015c0ec22d6bf991902e69d2aec69868d846f09ed618922b33c25644ab2	INCLUDE_RELEASE_SCOPE
scripts/qc_celloracle_inputs_module6_5.py	source_script	11561	dfc020877cb6876d57831f4ae3811d33cc9386cb5d63199e340cc4089a437fbe	INCLUDE_RELEASE_SCOPE
scripts/qc_extra_scvi_counts.py	source_script	1001	c3b985b408bdc8e8cacf6e019c8455ad7a47088ea21ea162f7f78d996ee26ee8	INCLUDE_RELEASE_SCOPE
scripts/qc_grnboost2_module6_3b.py	source_script	5491	5b2a04ea748cfc3c799e7f35137892a7577f9e23b7c8731594356a508f202c55	INCLUDE_RELEASE_SCOPE
scripts/qc_scenic_module6_3b_inputs.py	source_script	12394	34ad98dcafdb3f40a779f038d78a3041754ca9a19e1f0b596716edd8874f4b5f	INCLUDE_RELEASE_SCOPE
scripts/qc_unify_h5ad.py	source_script	7596	ff597a478ad943e54d752ef6919e3e696ccb0964deca403ad25734066ab733e0	INCLUDE_RELEASE_SCOPE
scripts/rebuild_sctenifoldknk_reproducibility_network_summaries_v2.R	source_script	3135	2a80ffd0635074a89cb7eb95778b25f506e8b2188a22df2df95d38b3ae6b6f31	INCLUDE_RELEASE_SCOPE
scripts/robustness_celloracle_perturbation_module6_10.py	source_script	19107	21f8a64aaab11146fb3ddf47b74e2e11a499a67a6dbcf8732ba07551b7508bcb	INCLUDE_RELEASE_SCOPE
scripts/run_aucell_module6_3b.py	source_script	3836	48066b87c2ebb9a34a1ac71741f0704bcf623faf7a9f41c35b6cd854971c9d1b	INCLUDE_RELEASE_SCOPE
scripts/run_cellrank_fate_driver_module6_2.py	source_script	22022	2adf37c755ac0353cc8c383d24e4162b7ceba75f55c69adba7c26c99db904326	INCLUDE_RELEASE_SCOPE
scripts/run_cistarget_ctx_module6_3b.py	source_script	5623	f5448f32d58f2725a38ca7564c0f1f23966cc394d207589bd7bac36a8a94f58d	INCLUDE_RELEASE_SCOPE
scripts/run_copykat_module3.R	source_script	9911	1b85210d6385b66433b53e7e67b5bf68844f0c9e3a70c5b0cdf59e1674ee1fed	INCLUDE_RELEASE_SCOPE
scripts/run_copykat_module3_watchdog.py	source_script	6887	e747b620a627520a93ba1dacf5efa75967698a5d9f86be05ebbfddc95dda8096	INCLUDE_RELEASE_SCOPE
scripts/run_figure1c_cytotrace2.R	source_script	5913	9855ba393a7a7c17cdec40a8fd0c6cacab2f65060b049b8f8d444fda482a7c2b	INCLUDE_RELEASE_SCOPE
scripts/run_figure2_hnf4a_b_to_f.ps1	source_script	3896	5f271396ddbd405165fd4c566e5a629b628c2daadc8c371b70cc079edef20f98	INCLUDE_RELEASE_SCOPE
scripts/run_figure2e_hnf4a_sctenifoldknk.R	source_script	4966	da7094bd5b15b6f604c97fcbfc44f8b513fc948a47164c50c4fcf782e326cb7f	INCLUDE_RELEASE_SCOPE
scripts/run_figure3_egr1_a_to_f.ps1	source_script	7433	554274f1ce6215b42053d4884004ffeda3d80a08bb0f4c145e01f6cd2dd19b52	INCLUDE_RELEASE_SCOPE
scripts/run_figure3e_egr1_sctenifoldknk.R	source_script	11020	3ea5fdac7bf07445e66943733979b6d050265e4af388ec31ecb587db96750077	INCLUDE_RELEASE_SCOPE
scripts/run_figure5_temporal_positioning.ps1	source_script	1823	df175fe23fac152f7fecba25f149a49ab8f7dad057135e01b8c8e23779b5b709	INCLUDE_RELEASE_SCOPE
scripts/run_figure6_directional_network.ps1	source_script	2404	f35ec1b62e4289cac9dc8912442a596fd9a01668ce574ca96909a0f4bcd17090	INCLUDE_RELEASE_SCOPE
scripts/run_figure7_external_validation.ps1	source_script	2983	fe0e18cbae921fa0a1e7511e18645c38d39644f2a911e09d49700f9a2e52bdd6	INCLUDE_RELEASE_SCOPE
scripts/run_figure8_transcriptomic_reversal.ps1	source_script	2817	541dba333b1f8ad19638c3f7062671dac90cc4d5d52dd65a9b941c31e222651d	INCLUDE_RELEASE_SCOPE
scripts/run_figure8_v2_mainfigure.ps1	source_script	2338	e8d7495007eb8e361288ce3a9ff051c681ce6632f97f9f912da8581e0c776e49	INCLUDE_RELEASE_SCOPE
scripts/run_grnboost2_direct_module6_3b.py	source_script	4552	7605c59d8daf814a51d9aac023bdc364680ee4e2fa9686de59dcd0b441476aea	INCLUDE_RELEASE_SCOPE
scripts/run_grnboost2_module6_3b.py	source_script	4982	3e7f21403136b21abcab6b373712eeb0b6a9c27d70cf7ab4c40878046f0f9b11	INCLUDE_RELEASE_SCOPE
scripts/run_monocle3_module5_3.R	source_script	3985	1d7491e1fa85ed3b6aa3f639a3b2188ca64ed3fcdddceec7be11b88387c78c85	INCLUDE_RELEASE_SCOPE
scripts/run_pyscenic_cli_with_numpy_compat.py	source_script	4696	3f80280377f826f99f541ee5d739fc95468fde50b3a8e8a6b8b4841dc9608332	INCLUDE_RELEASE_SCOPE
scripts/run_pyscenic_regulon_activity_module6_3.py	source_script	20689	ec60f223c94f19dc12a33d6285e2cd2ab0099a4356095c5eee5bb84f0997734a	INCLUDE_RELEASE_SCOPE
scripts/run_scanvi_unified_module4.py	source_script	20519	f9a8451d60be9819eaa9396c14c44a8212acd7ae002c90c72cc3c50ecec53b9e	INCLUDE_RELEASE_SCOPE
scripts/run_sctenifoldknk_enrichment_module7_4.R	source_script	7107	67f74d4e9f39913945cbecafd1b1819c092fb0b32cec68bb1e768be25028124e	INCLUDE_RELEASE_SCOPE
scripts/run_sctenifoldknk_module7_2.R	source_script	10342	43f082d66a9a437dc89f39814767012263e580e728985bc191ad869537da544a	INCLUDE_RELEASE_SCOPE
scripts/run_sctenifoldknk_reproducibility_audit_v2.R	source_script	10673	dacca50f4d554159a8639a3c35bc5fce08c707179a9be4b0de43ed05b223817d	INCLUDE_RELEASE_SCOPE
scripts/run_sctenifoldknk_reproducibility_audit_v2.py	source_script	16590	2f80bc4f22f506fd17eebfcd7dc60846172ff71b5a75cc513d7e99a14e1f6e00	INCLUDE_RELEASE_SCOPE
scripts/run_scvi_global_integration.py	source_script	10058	68f9eb0a6fd87fc282e7ee438a0e6d8667b0baff06ba5162c25bc835b07beae1	INCLUDE_RELEASE_SCOPE
scripts/run_singler_cluster_annotation.R	source_script	6310	d07fcb5aa5d528b2e9aeaa1a92db1b100900b15f652c1d5ddd4d42eed6726242	INCLUDE_RELEASE_SCOPE
scripts/run_slingshot_module5_3.R	source_script	4282	d56f1917d6c4928ec62a0ece0b3268d1224bf3fae363dccf6ad3b143b2ffe9ae	INCLUDE_RELEASE_SCOPE
scripts/sample_batch_robustness_module5_6.py	source_script	23554	4fea86c0b0ff547f4e092c7c331010bfff1a9281f6c512b58af155f58b2ce325	INCLUDE_RELEASE_SCOPE
scripts/score_celloracle_perturbation_module6_9b.py	source_script	16875	a6f3fd8cb7bb54e91966a65c79db5080b47a9dc51d186934de67ced8b6baff66	INCLUDE_RELEASE_SCOPE
scripts/select_celloracle_tfs_module6_4.py	source_script	42597	22d8185f1b4b94b6940ca84eca52e528c59156abf24122519f351526a1424b76	INCLUDE_RELEASE_SCOPE
scripts/simulate_celloracle_perturbation_module6_8.py	source_script	22056	5ca70df0e790f451cbe3056da759dbaf4dd584f04eadc2f3c054ea0147159a3b	INCLUDE_RELEASE_SCOPE
scripts/statistical_mediation_module9_3.py	source_script	37643	0dc7a3a9b746779745fdcdbb932953312f06f344d9dad8493e11d496279194fd	INCLUDE_RELEASE_SCOPE
scripts/summarize_celloracle_module6_11.py	source_script	34627	249e9c99c6025b5fc57d11b3894e413a28980761c0d4d6c402ec7f09b4956e98	INCLUDE_RELEASE_SCOPE
scripts/summarize_figure3e_egr1_sensitivity.py	source_script	14626	c1ca0172215658b560ab1a34c9c1dd8f7b3fa3dfe02a58bb57a2b7795ffe615e	INCLUDE_RELEASE_SCOPE
scripts/summarize_sctenifoldknk_enrichment_module7_4.py	source_script	18902	63f8e9b0c067206881704ebd6b9bdd3958a62ef366487c52df0e563289ab9dcd	INCLUDE_RELEASE_SCOPE
scripts/summarize_sctenifoldknk_module7_5.py	source_script	20534	02fae8855e6f9b52a37099d06887abffed257eeeebbdae263426b7288a42ef85	INCLUDE_RELEASE_SCOPE
scripts/summarize_trajectory_modeling_module5_3.py	source_script	7060	f64f5bdb0d17affbff0804bc19ed6e596f6a4a8434d016937779b6b5806e2195	INCLUDE_RELEASE_SCOPE
scripts/temporal_hierarchy_module9_1.py	source_script	50622	a2d55fb347b0af5d23ec1b1d4404d41072488629fb82a81d4de664e73da35ce7	INCLUDE_RELEASE_SCOPE
scripts/test_figure5_temporal_landmarks.R	source_script	5527	5d5e6dde78cf740db3ac45adc57c202d1ce7e4c45bbe4e2a6b6ac82a9834da27	INCLUDE_RELEASE_SCOPE
scripts/update_module6_3b_status.py	source_script	2446	cd0025767862fc2275cb791d4b832272393f44b8b128aa1c850d616d7924fce2	INCLUDE_RELEASE_SCOPE
scripts/validate_figure2_hnf4a_b_to_f.py	source_script	16921	46a24f4f21eeb1c829f3a4e795739a718f8e44b7a0258cb86ad82ed2352948f8	INCLUDE_RELEASE_SCOPE
scripts/validate_figure3_egr1.py	source_script	27255	c6636b11b0f299d71975f78683f5e77116aec60250f9d9a800e5b9abadf8d20a	INCLUDE_RELEASE_SCOPE
scripts/validate_figure5_onset_fix.R	source_script	10757	b0a1e042763995353a627a2501fc092175f9237fe7fc3062043d782e9a883326	INCLUDE_RELEASE_SCOPE
scripts/validate_figure5_six_panel_layout.R	source_script	13665	b40bc99c462345ba2789bc00215793041fe5ff2685a2c480d1847ab17c3303f8	INCLUDE_RELEASE_SCOPE
scripts/validate_figure5_temporal_positioning.R	source_script	10386	e19ab67d34891627871c6e3c6b751e14aca375387dc0d01bf3ea6476bfd5b599	INCLUDE_RELEASE_SCOPE
scripts/validate_figure6_directional_network.R	source_script	7512	9ef2bb4c346032a07995e534643f65eeded577c1c44a3ccd525a4aee5b0aaea9	INCLUDE_RELEASE_SCOPE
scripts/validate_figure7_external_validation.R	source_script	166	4667572c9f44c28154ce3c1809448b62800248b4fe2066b388e3e0a5e1b1fa42	INCLUDE_RELEASE_SCOPE
scripts/validate_figure8_transcriptomic_reversal.R	source_script	339	5a7257087f597713f64a3c218ec8573814381efdd8461a06e9fc0d09799511cb	INCLUDE_RELEASE_SCOPE
scripts/visualize_celloracle_perturbation_module6_9.py	source_script	17611	cb8f6bcbbfabbbcd1aeac5cc405433c25c6b2f7ef14c8cf652ba1c43ea065e70	INCLUDE_RELEASE_SCOPE
scripts/write_scenic_module6_3b_environment.py	source_script	2254	a015f193c705ae024135eaf17681a13ec1144dadac540a47deb52aa0b6a28a7a	INCLUDE_RELEASE_SCOPE
tests/test_export_codex_project_sessions_to_markdown.py	source_script	4070	d04f34cb8751817e7ba45a4de6a8cde74c72ac8ea0b0120b29556af36330c588	INCLUDE_RELEASE_SCOPE
tests/test_figure1c_input_prep_logic.py	source_script	1461	a2bead4059057f8f7c851eb51ab5b3aa15be200c1a7b17d523c67401a0624b6e	INCLUDE_RELEASE_SCOPE
tests/test_figure1g_plot_logic.R	source_script	1273	dc7596d9bcf963b7cce4f7cab2cfb7b8415dc2eb9e8571f1e5be9b1d2c3cc5f9	INCLUDE_RELEASE_SCOPE
tests/test_figure1g_tsne_logic.py	source_script	1219	13b5964cef30f67df4f9c097bfa798fb228c9633f898cdebc59153579d1bfd12	INCLUDE_RELEASE_SCOPE
tests/test_figure1h_rank_curve_logic.R	source_script	1292	c4404f936f81735d8abf036d4dc32fb046a00086ff05f074f3dc59b468807008	INCLUDE_RELEASE_SCOPE
tests/test_figure1h_rss_logic.py	source_script	1018	535bf6df8c8f1d3698277ecc05c44773e9abfeecebacd25c48bfa8beaff9f24c	INCLUDE_RELEASE_SCOPE
tests/test_figure1i_intersection_logic.py	source_script	2005	5828be716f00e20389edecf0b1482bbeea71e3368bb7408c3d382845910732ef	INCLUDE_RELEASE_SCOPE
tests/test_figure2_hnf4a_outputs.py	source_script	2959	faa5b150d6d7ffe94598afaafb3923da81847d729d46c0f0ae97a5d76be5b96f	INCLUDE_RELEASE_SCOPE
tests/test_figure2f_sox4_outputs.R	source_script	1455	fd8c9f085ec20b9d915c4543619720657f2fb61f1077e8e685236b7fe3e8598a	INCLUDE_RELEASE_SCOPE
tests/test_figure3_egr1_logic.py	source_script	3895	7378e3654189f03bc26413b9ed33af99f2479e4bde1fc28037d55bdba564b01d	INCLUDE_RELEASE_SCOPE
tests/test_figure5_script_contract.R	source_script	3489	841be1efd8a7e35fb31813b6c6dbf421ebb0ee5084bd013adbde234e70f6f4e4	INCLUDE_RELEASE_SCOPE
tests/test_figure5_six_panel_layout.R	source_script	1530	edd0ff94906971fcc616747380a5d5f71f3095e60bf2d9a0891538dd249472ab	INCLUDE_RELEASE_SCOPE
tests/test_figure5_temporal_positioning.R	source_script	6991	5d35575ca0471d4e8220ce29225d10809a73ac776a23af7aff43b25637c5303a	INCLUDE_RELEASE_SCOPE
tests/test_figure6_celloracle_programme_export.py	source_script	1858	f7d8b637083505eaae28c3dc053408c8311ee04d54c10847d8992786838e6606	INCLUDE_RELEASE_SCOPE
tests/test_figure7_external_validation_contract.py	source_script	2684	b9473fd7d399ad0f447543e25d731d67ac12ee1258ce8c9c75e7b54a19a3d42a	INCLUDE_RELEASE_SCOPE
tests/test_figure7_icgc_os_audit_contract.py	source_script	837	a38a0960ca30475a01be1cc198f02045a3038a406de80a453bb28025801f874e	INCLUDE_RELEASE_SCOPE
tests/test_figure7_icgc_os_survival_audit_contract.py	source_script	827	4fc67f13548d124454897c2a1c5a2dc5e82eee549187c95280e203ff18346dfd	INCLUDE_RELEASE_SCOPE
tests/test_figure7_v2_contract.py	source_script	830	993ab0a285705fc7a26c1476886406a33c5b05e39eb14f4989403acf7d436c7e	INCLUDE_RELEASE_SCOPE
tests/test_figure8_transcriptomic_reversal_contract.py	source_script	2100	8ceec11c446919e3dd108800391d6a489a2c0f4fcd977d7067ceb17f86584c6c	INCLUDE_RELEASE_SCOPE
tests/test_figure8_v2_contract.py	source_script	2672	19f89c2162e6e3acd0ba2bce652e2d640c179dc2523faa0d7b3cb5978c8d4724	INCLUDE_RELEASE_SCOPE
tests/test_figure8_v2_core_logic.R	source_script	3225	38ffd2c2b39018e598beb44c6fff0a54a4a4a1d64187642721f548cfb288aac5	INCLUDE_RELEASE_SCOPE
tests/test_figure8_v2_drugreflector.py	source_script	1768	59585e1d50efe48cc8577510d9eba1f3f180f784f828eaa1795cec689323a266	INCLUDE_RELEASE_SCOPE
tests/test_figure8_v2_export.R	source_script	512	7f8cdaf3c011c78b84ee61bfc379b89875da10c1f6d3a64d68361116f40ad0e9	INCLUDE_RELEASE_SCOPE
tests/test_figure8_v2_external_resources.R	source_script	1840	1165bc38f50cbb3d8e21c6058ee115aa84264470edf0c10d49897944d4585601	INCLUDE_RELEASE_SCOPE
tests/test_figure8_v2_integration.R	source_script	1634	82074040da3801b53ff17ef71f4288beb5f21626449095c7ae1a9456ca5d2973	INCLUDE_RELEASE_SCOPE
tests/test_figure8_v2_mapping.R	source_script	928	fd46b01b807d621fc007546798e95124c066b7a44c3cc7c2134d76865909f765	INCLUDE_RELEASE_SCOPE
tests/test_figure8_v2_moa_network.R	source_script	1213	377e60dd07611d7bfd6fce9d5d27a357b8b0414e97308a9ad0fec8ce50821613	INCLUDE_RELEASE_SCOPE
tests/test_figure8_v2_nuisance_literature.R	source_script	1276	5310e0bdbab4a6bbdcbc215d2986746abd85edcfac2d945becd62f0fdbfbd995	INCLUDE_RELEASE_SCOPE
tests/test_figure8_v2_plot_contract.py	source_script	1170	7b1eaa5c29bf85ae6b588cee4ff858b7643d93c8fc22ab410a0d9a327fbb8623	INCLUDE_RELEASE_SCOPE
tests/test_figure8_v2_prism.R	source_script	1958	282781c8c7bc4a7fcd9d4282408b39ca99d6219b8fb8871d5c9583d7f2ee19d6	INCLUDE_RELEASE_SCOPE
tests/test_figure8_v2_protection.R	source_script	1824	c7348d5e8f6797bf9302df6df43524586e739bc3c54cfe86b31d2601861b478f	INCLUDE_RELEASE_SCOPE
tests/test_figure8_v2_random.R	source_script	2292	da90cc380577502f893fc17802e229437308a83743de11bf202ddeed6d69ab29	INCLUDE_RELEASE_SCOPE
tests/test_figure8_v2_robustness.R	source_script	1116	d80ff959435054e9575fe2163a70651687a8bc1e22b860a5101c98889dd8f15f	INCLUDE_RELEASE_SCOPE
tests/test_figure8_v2_signature.R	source_script	2491	50aad8d07d653f67eced09dcc4055fdab13726d1a2414a27b7da0f4422fca450	INCLUDE_RELEASE_SCOPE
tests/test_figure8_v2_validation_logic.R	source_script	1598	3f294b1447087981800ea94dfddb74a9aa2ec16c4b6d8da0905f516edb674257	INCLUDE_RELEASE_SCOPE
tests/test_integrate_canonical_scenic_module6_3b_logic.py	source_script	2589	fdfcb5933f6f80954e776607045e2faeedb539aec0b9e74308794481f9dd08db	INCLUDE_RELEASE_SCOPE
tests/test_module5_1_trajectory_logic.py	source_script	2909	98b57c8cf164a9c9faa843fa6e3e574386bef4a440e7e51d937e0154f982c3ed	INCLUDE_RELEASE_SCOPE
tests/test_module5_2_stage_root_end_logic.py	source_script	2873	8649618fccce7affad46bc3871fa5634ac2cf2c65c007db94e12a6df58093cc6	INCLUDE_RELEASE_SCOPE
tests/test_module5_3_modeling_logic.py	source_script	2997	dd5fa3a6f1c304113533cf1d46f104806068f5db4a2cb13662e31fad733d742f	INCLUDE_RELEASE_SCOPE
tests/test_module5_4_trend_logic.py	source_script	1786	b9cdea922be3d7f770434fca1769d89e67d5cfae9b7d27ec84e61b0c5cd39c56	INCLUDE_RELEASE_SCOPE
tests/test_module5_5_cnv_overlay_logic.py	source_script	3063	26d6a74229adf327b13d0054059da123290fa572b580fe96646debcc95c66a82	INCLUDE_RELEASE_SCOPE
tests/test_module5_6_sample_batch_robustness_logic.py	source_script	2750	faaf279370e5b6e6e697425c410152828a34fc790bc2c0b2249aa7123aae3eb8	INCLUDE_RELEASE_SCOPE
tests/test_module5_7_final_integration_logic.py	source_script	4310	502fe75e4c6ed1cc47b3f23d705008b0125dce53a50cc2cd6e5376e8754fd8cd	INCLUDE_RELEASE_SCOPE
tests/test_module6_10_celloracle_robustness.py	source_script	4090	5835d48a841788789d76fe26c17fd55a7ee2e91ddfed7df71947f82726fdfb4b	INCLUDE_RELEASE_SCOPE
tests/test_module6_11_celloracle_summary_logic.py	source_script	5752	18f5ddd883e04e70c2d4262624b19c34f20f0ac500e02e9984c76da63e686953	INCLUDE_RELEASE_SCOPE
tests/test_module6_3c_cistarget_integration_logic.py	source_script	3142	b64420304592abe38e8bb9dd952025f99b1ad4e385dec2db55815676da814733	INCLUDE_RELEASE_SCOPE
tests/test_module6_4_celloracle_tf_selection_logic.py	source_script	5071	e2d7cd9ccf9e5d6e75c436cf6b1d6a18f0f5091383039bd78e0fb75bfa0d114a	INCLUDE_RELEASE_SCOPE
tests/test_module6_5_celloracle_input_qc_logic.py	source_script	3242	a575dd65777de99c471739aa2367bd5b56ef87e086dca5b3303bcd84d0b9dde7	INCLUDE_RELEASE_SCOPE
tests/test_module6_6_celloracle_object_logic.py	source_script	3353	4a30b5c3e29ef41b0552bd168f7b681837de03c6ab83621546b7c66f522c9c1d	INCLUDE_RELEASE_SCOPE
tests/test_module6_7_celloracle_grn_logic.py	source_script	2677	bba878159528b90a1502c3fa6de3082ebabf04fcd091161f888838cc10623969	INCLUDE_RELEASE_SCOPE
tests/test_module6_8_celloracle_perturbation_logic.py	source_script	4272	fa402d7d36a553e19ed67abcb2b4856d6db3239082d3eb5485b853000ebfcf97	INCLUDE_RELEASE_SCOPE
tests/test_module6_9_celloracle_visualization_logic.py	source_script	3295	113b7fbbda9954a81e8eadbc70348423313109933813e760762a4e53005162b1	INCLUDE_RELEASE_SCOPE
tests/test_module6_9b_celloracle_quantitative_scoring.py	source_script	5140	09ea03c252e0435a26be30aa1afd8b4889bcdfffce01db7e09dd85431ccc4200	INCLUDE_RELEASE_SCOPE
tests/test_module7_sctenifoldknk_logic.py	source_script	15293	1eca1cc22f46baeb01e786023ffd76e5c508b86b2288ad85a1eb33d88dd24aa6	INCLUDE_RELEASE_SCOPE
tests/test_module8_external_validation_logic.py	source_script	22892	721073c58c4b0ec52ea831d758c5a218e24fb7cfbb124600d478de06aaf156d8	INCLUDE_RELEASE_SCOPE
tests/test_module9_1_temporal_hierarchy_logic.py	source_script	5210	e0922ce451d46daec93145191ffa342c429c17ab0dd2aa1d177ad8e1349b9a9c	INCLUDE_RELEASE_SCOPE
tests/test_module9_2_network_direction_logic.py	source_script	6101	1bc9dde28f2a8c167ddeac59cc7940491f51a591bf207c079004d7914f9a46f2	INCLUDE_RELEASE_SCOPE
tests/test_module9_3_mediation_sem_logic.py	source_script	5963	5ec377c2a496b0fa1d8b1bf99b9f62e58bbf8c5054288e73b00a3179afa5a238	INCLUDE_RELEASE_SCOPE
tests/test_module9_4_drug_reversal_signature_logic.py	source_script	9480	1b80d0c8029e2aa7d25c4ac3d2a252f9bb0caa19b59cb380d9c4034c00a6167e	INCLUDE_RELEASE_SCOPE
tests/test_module9_5_drug_query_logic.py	source_script	3020	ab2e4f5b9410306f0ab0b4fda4b631adb2e803dfb64b6654eb51f1fba7e07a25	INCLUDE_RELEASE_SCOPE
tests/test_module9_6_drugreflector_adapter_logic.py	source_script	7871	fec9fbd903889ff0efaf5b2fec18675e13e66cd2329c8d1c918ac616e969ca65	INCLUDE_RELEASE_SCOPE
tests/test_module9_7_drugreflector_inference_logic.py	source_script	3305	cdf20fe6048c67ec2fee07a8c141f5f0a70fbf5739d681c31a46dbaec0ad1978	INCLUDE_RELEASE_SCOPE
tests/test_module9_8_clue_query_logic.py	source_script	1744	8682e19d36b62123a6bb9bc48c66c447962bff11d81446746614bb0529641400	INCLUDE_RELEASE_SCOPE
tests/test_module9_8_drugreflector_metadata_crossvalidation_logic.py	source_script	6948	804b63c3868170e7fed98aa8754799f2ed3ccc7711d748150226e35e1dc65cb6	INCLUDE_RELEASE_SCOPE
tests/test_module9_9_clue_component_decomposition_logic.py	source_script	5905	e703dbd085958a9a13fe43504e79e2c62f68a77e2533724100f44b5f6e24d287	INCLUDE_RELEASE_SCOPE
tests/test_module9_9_clue_profiles_logic.py	source_script	1613	0346b9b81c31e86b52addcb438e7f920a7794ff7f2620d64c07ccb88210215af	INCLUDE_RELEASE_SCOPE
tests/test_module9_9_landmark_decomposition_logic.py	source_script	4535	a67519967303a3ffed95546ccc2aebdd7614de3767eb0e6a038a827465eb1ada	INCLUDE_RELEASE_SCOPE
tests/test_qc_scenic_module6_3b_inputs.py	source_script	1881	4b1182b5490e79f4a811ee3c9bfe916465c60bdfe7eb7b51ded6c3993f763211	INCLUDE_RELEASE_SCOPE
tests/test_sctenifoldknk_reproducibility_audit_v2.py	source_script	7266	250cdbf0e93fad4df1ff6690adfc5abe04ac02c09d63d1ed36bda025a4bd6b91	INCLUDE_RELEASE_SCOPE
tests/test_stage22_closure_metadata.py	source_script	1790	430b76de53f6a0976d2924f2d8017a87839c49e627f683989af6cbf18e5f0245	INCLUDE_RELEASE_SCOPE
tests/test_zotero_hcc_classifier.py	source_script	10017	1fa942f3282537b8c2c61c9d10199b1fc462954d9a7ebf391bfdd6971aca7a11	INCLUDE_RELEASE_SCOPE
tests/test_zotero_hcc_core10.py	source_script	7074	df315f2c236f079b53a1d0a8f91b914e402200949e54ad2bf2542f5b838ece18	INCLUDE_RELEASE_SCOPE
